species,genomes,superkingdom,doubling_h,growth_tmp,Representative.genome
Acidiplasma aeolicum,RS_GCF_031201125.1,Archaea,12.01,43.5,RS_GCF_001402945.1
Acidiplasma aeolicum,GB_GCA_021845385.1,Archaea,12.01,43.5,RS_GCF_001402945.1
Acidiplasma aeolicum,RS_GCF_027368395.1,Archaea,12.01,43.5,RS_GCF_001402945.1
Acidiplasma aeolicum,RS_GCF_001402945.1,Archaea,12.01,43.5,RS_GCF_001402945.1
Acidiplasma aeolicum,GB_GCA_021834825.1,Archaea,12.01,43.5,RS_GCF_001402945.1
Aeropyrum camini,RS_GCF_000591035.1,Archaea,2.44,84.9,RS_GCF_000591035.1
Aeropyrum camini,RS_GCF_001316065.1,Archaea,2.44,84.9,RS_GCF_000591035.1
Aeropyrum pernix,RS_GCF_000011125.1,Archaea,3.08,90,RS_GCF_000011125.1
Aeropyrum pernix,RS_GCF_004323575.1,Archaea,3.08,90,RS_GCF_000011125.1
Archaeoglobus fulgidus,RS_GCF_000734035.1,Archaea,3.5,76,RS_GCF_000008665.1
Archaeoglobus fulgidus,RS_GCF_900069765.1,Archaea,3.5,76,RS_GCF_000008665.1
Archaeoglobus fulgidus,RS_GCF_000008665.1,Archaea,3.5,76,RS_GCF_000008665.1
Archaeoglobus fulgidus,RS_GCF_001508745.1,Archaea,3.5,76,RS_GCF_000008665.1
Archaeoglobus fulgidus,RS_GCF_029982885.1,Archaea,3.5,76,RS_GCF_000008665.1
Archaeoglobus_B profundus,RS_GCF_000025285.1,Archaea,3.87,81.9,RS_GCF_000025285.1
Archaeoglobus_C veneficus,RS_GCF_000194625.1,Archaea,1.02,79.9,RS_GCF_000194625.1
Caldisphaera lagunensis,RS_GCF_000317795.1,Archaea,5,75,RS_GCF_000317795.1
Caldivirga maquilingensis,RS_GCF_000018305.1,Archaea,8,85,RS_GCF_000018305.1
Ferroglobus placidus,RS_GCF_000025505.1,Archaea,2.78,85.1,RS_GCF_000025505.1
Geoglobus ahangari,GB_GCA_013151125.1,Archaea,4.97,87.6,RS_GCF_001006045.1
Geoglobus ahangari,RS_GCF_001006045.1,Archaea,4.97,87.6,RS_GCF_001006045.1
Haloarcula marismortui,RS_GCF_000337755.1,Archaea,12,37,RS_GCF_000011085.1
Haloarcula marismortui,RS_GCF_005310945.1,Archaea,12,37,RS_GCF_000011085.1
Haloarcula marismortui,RS_GCF_018200015.1,Archaea,12,37,RS_GCF_000011085.1
Haloarcula marismortui,RS_GCF_000337275.1,Archaea,12,37,RS_GCF_000011085.1
Haloarcula marismortui,RS_GCF_011627385.1,Archaea,12,37,RS_GCF_000011085.1
Haloarcula marismortui,RS_GCF_000011085.1,Archaea,12,37,RS_GCF_000011085.1
Haloarcula vallismortis,RS_GCF_000337775.1,Archaea,2.91,47,RS_GCF_000337775.1
Haloarcula vallismortis,RS_GCF_900106715.1,Archaea,2.91,47,RS_GCF_000337775.1
Halobacterium salinarum,RS_GCF_030250125.1,Archaea,1.05,37,RS_GCF_008124605.1
Halobacterium salinarum,RS_GCF_030250225.1,Archaea,1.05,37,RS_GCF_008124605.1
Halobacterium salinarum,RS_GCF_021504045.1,Archaea,1.05,37,RS_GCF_008124605.1
Halobacterium salinarum,RS_GCF_000006805.1,Archaea,1.05,37,RS_GCF_008124605.1
Halobacterium salinarum,RS_GCF_020736485.1,Archaea,1.05,37,RS_GCF_008124605.1
Halobacterium salinarum,RS_GCF_008124605.1,Archaea,1.05,37,RS_GCF_008124605.1
Halobaculum gomorrense,RS_GCF_900129775.1,Archaea,2.57,45,RS_GCF_900129775.1
Halococcus hamelinensis,RS_GCF_000259215.1,Archaea,14,37,RS_GCF_000336675.1
Halococcus hamelinensis,RS_GCF_000336675.1,Archaea,14,37,RS_GCF_000336675.1
Halococcus morrhuae,RS_GCF_000336695.1,Archaea,1.46,51,RS_GCF_000336695.1
Halococcus morrhuae,RS_GCF_022870485.1,Archaea,1.46,51,RS_GCF_000336695.1
Halococcus salifodinae,RS_GCF_000336935.1,Archaea,26,37,RS_GCF_000336935.1
Halococcus salifodinae,RS_GCF_028617175.1,Archaea,26,37,RS_GCF_000336935.1
Haloferax volcanii,RS_GCF_010692905.1,Archaea,1.84,45,RS_GCF_000025685.1
Haloferax volcanii,RS_GCF_018420015.1,Archaea,1.84,45,RS_GCF_000025685.1
Haloferax volcanii,RS_GCF_007714225.1,Archaea,1.84,45,RS_GCF_000025685.1
Haloferax volcanii,RS_GCF_000336735.1,Archaea,1.84,45,RS_GCF_000025685.1
Haloferax volcanii,RS_GCF_003383015.1,Archaea,1.84,45,RS_GCF_000025685.1
Haloferax volcanii,RS_GCF_000025685.1,Archaea,1.84,45,RS_GCF_000025685.1
Halogeometricum borinquense,RS_GCF_000337855.1,Archaea,1.71,49,RS_GCF_000172995.2
Halogeometricum borinquense,RS_GCF_000172995.2,Archaea,1.71,49,RS_GCF_000172995.2
Halogeometricum borinquense,RS_GCF_010692885.1,Archaea,1.71,49,RS_GCF_000172995.2
Halogeometricum borinquense,RS_GCF_004150395.1,Archaea,1.71,49,RS_GCF_000172995.2
Halogeometricum borinquense,GB_GCA_011765365.1,Archaea,1.71,49,RS_GCF_000172995.2
Haloquadratum walsbyi_A,GB_GCA_000415965.1,Archaea,24,37,GB_GCA_000415965.1
Haloquadratum walsbyi_A,GB_GCA_028275045.1,Archaea,24,37,GB_GCA_000415965.1
Halorubrum lacusprofundi,RS_GCF_000022205.1,Archaea,25.71,34.8,RS_GCF_000022205.1
Halorubrum lacusprofundi,RS_GCF_002215285.1,Archaea,25.71,34.8,RS_GCF_000022205.1
Halorubrum lacusprofundi,RS_GCF_002215305.1,Archaea,25.71,34.8,RS_GCF_000022205.1
Halorubrum lacusprofundi,RS_GCF_021965275.1,Archaea,25.71,34.8,RS_GCF_000022205.1
Halorubrum saccharovorum,RS_GCF_000337915.1,Archaea,3.03,45,RS_GCF_000337915.1
Haloterrigena turkmenica,RS_GCF_000025325.1,Archaea,1.5,51,RS_GCF_000025325.1
Hyperthermus butylicus,RS_GCF_000015145.1,Archaea,2,107,RS_GCF_000015145.1
Metallosphaera hakonensis,RS_GCF_001315825.1,Archaea,13.84,70.1,RS_GCF_003201675.2
Metallosphaera hakonensis,RS_GCF_003201675.2,Archaea,13.84,70.1,RS_GCF_003201675.2
Metallosphaera sedula,GB_GCA_024239095.1,Archaea,5.25,75.2,GB_GCA_000016605.1
Metallosphaera sedula,RS_GCF_026627265.1,Archaea,5.25,75.2,GB_GCA_000016605.1
Metallosphaera sedula,RS_GCF_005222525.1,Archaea,5.25,75.2,GB_GCA_000016605.1
Metallosphaera sedula,GB_GCA_002509145.1,Archaea,5.25,75.2,GB_GCA_000016605.1
Metallosphaera sedula,RS_GCF_001266675.1,Archaea,5.25,75.2,GB_GCA_000016605.1
Metallosphaera sedula,GB_GCA_000016605.1,Archaea,5.25,75.2,GB_GCA_000016605.1
Methanobacterium subterraneum,GB_GCA_002507095.1,Archaea,3.89,NA,RS_GCF_002813695.1
Methanobacterium subterraneum,RS_GCF_020854955.1,Archaea,3.89,NA,RS_GCF_002813695.1
Methanobacterium subterraneum,RS_GCF_002813695.1,Archaea,3.89,NA,RS_GCF_002813695.1
Methanobacterium subterraneum,GB_GCA_002503345.1,Archaea,3.89,NA,RS_GCF_002813695.1
Methanobacterium subterraneum,GB_GCA_018263095.1,Archaea,3.89,NA,RS_GCF_002813695.1
Methanobacterium_B lacus,RS_GCF_000191585.1,Archaea,22,NA,RS_GCF_000191585.1
Methanobacterium_C congolense,GB_GCA_002505725.1,Archaea,7.5,NA,RS_GCF_900095295.1
Methanobacterium_C congolense,GB_GCA_937893005.1,Archaea,7.5,NA,RS_GCF_900095295.1
Methanobacterium_C congolense,RS_GCF_900095295.1,Archaea,7.5,NA,RS_GCF_900095295.1
Methanobacterium_C paludis,RS_GCF_000214725.1,Archaea,35,34.5,RS_GCF_000214725.1
Methanobacterium_D bryantii,RS_GCF_001729285.1,Archaea,19.25,NA,RS_GCF_002287175.1
Methanobacterium_D bryantii,RS_GCF_002287175.1,Archaea,19.25,NA,RS_GCF_002287175.1
Methanobacterium_D veterum,RS_GCF_000745485.1,Archaea,19.86,NA,RS_GCF_000745485.1
Methanobacterium_D veterum,RS_GCF_000746075.1,Archaea,19.86,NA,RS_GCF_000745485.1
Methanobacterium_D veterum,RS_GCF_027110435.1,Archaea,19.86,NA,RS_GCF_000745485.1
Methanobacterium_D veterum,RS_GCF_027110455.1,Archaea,19.86,NA,RS_GCF_000745485.1
Methanobrevibacter_A oralis,RS_GCF_900289035.1,Archaea,15,NA,RS_GCF_001639275.1
Methanobrevibacter_A oralis,RS_GCF_001639275.1,Archaea,15,NA,RS_GCF_001639275.1
Methanobrevibacter_A oralis,RS_GCF_912073625.1,Archaea,15,NA,RS_GCF_001639275.1
Methanobrevibacter_A oralis,RS_GCF_902384065.1,Archaea,15,NA,RS_GCF_001639275.1
Methanobrevibacter_A oralis,RS_GCF_000529525.1,Archaea,15,NA,RS_GCF_001639275.1
Methanobrevibacter_C arboriphilus,RS_GCF_001316345.1,Archaea,13,NA,RS_GCF_002072215.1
Methanobrevibacter_C arboriphilus,RS_GCF_002072215.1,Archaea,13,NA,RS_GCF_002072215.1
Methanobrevibacter_C cuticularis,RS_GCF_001639285.1,Archaea,35,NA,RS_GCF_001639285.1
Methanobrevibacter_D curvatus,RS_GCF_001639295.1,Archaea,40,NA,RS_GCF_001639295.1
Methanocaldococcus fervens,RS_GCF_000023985.1,Archaea,0.33,NA,RS_GCF_000023985.1
Methanocaldococcus jannaschii,GB_GCA_013329685.1,Archaea,0.433,NA,RS_GCF_000091665.1
Methanocaldococcus jannaschii,RS_GCF_000091665.1,Archaea,0.433,NA,RS_GCF_000091665.1
Methanocaldococcus vulcanius,RS_GCF_000024625.1,Archaea,0.66,NA,RS_GCF_000024625.1
Methanocaldococcus_A infernus,RS_GCF_000092305.1,Archaea,0.513,NA,RS_GCF_000092305.1
Methanocaldococcus_A villosus,RS_GCF_000363885.1,Archaea,0.75,NA,RS_GCF_000371805.1
Methanocaldococcus_A villosus,RS_GCF_000371805.1,Archaea,0.75,NA,RS_GCF_000371805.1
Methanocella conradii,RS_GCF_000251105.1,Archaea,6.3,NA,RS_GCF_000251105.1
Methanocella conradii,RS_GCF_030019315.1,Archaea,6.3,NA,RS_GCF_000251105.1
Methanocella conradii,RS_GCF_902810565.1,Archaea,6.3,NA,RS_GCF_000251105.1
Methanocella paludicola,RS_GCF_000011005.1,Archaea,100.8,NA,RS_GCF_000011005.1
Methanocella_A arvoryzae,RS_GCF_000063445.1,Archaea,8,NA,RS_GCF_000063445.1
Methanococcoides burtonii,RS_GCF_000013725.1,Archaea,20,22.5,RS_GCF_000013725.1
Methanococcoides methylutens,RS_GCF_000765475.1,Archaea,5.2,NA,RS_GCF_000765475.1
Methanococcoides methylutens,RS_GCF_900773915.1,Archaea,5.2,NA,RS_GCF_000765475.1
Methanococcus maripaludis,RS_GCF_013761225.1,Archaea,2,NA,RS_GCF_002945325.1
Methanococcus maripaludis,RS_GCF_015709365.1,Archaea,2,NA,RS_GCF_002945325.1
Methanococcus maripaludis,RS_GCF_013761205.1,Archaea,2,NA,RS_GCF_002945325.1
Methanococcus maripaludis,RS_GCF_000220645.1,Archaea,2,NA,RS_GCF_002945325.1
Methanococcus maripaludis,RS_GCF_013761085.1,Archaea,2,NA,RS_GCF_002945325.1
Methanococcus maripaludis,RS_GCF_002945325.1,Archaea,2,NA,RS_GCF_002945325.1
Methanococcus voltae,RS_GCF_017875565.1,Archaea,1.51,NA,RS_GCF_024807035.1
Methanococcus voltae,RS_GCF_017875625.1,Archaea,1.51,NA,RS_GCF_024807035.1
Methanococcus voltae,RS_GCF_024807035.1,Archaea,1.51,NA,RS_GCF_024807035.1
Methanocorpusculum labreanum,RS_GCF_000015765.1,Archaea,9.2,NA,RS_GCF_000015765.1
Methanocorpusculum parvum,GB_GCA_023395245.1,Archaea,4.59,NA,GB_GCA_002287215.1
Methanocorpusculum parvum,RS_GCF_012062385.1,Archaea,4.59,NA,GB_GCA_002287215.1
Methanocorpusculum parvum,GB_GCA_028705015.1,Archaea,4.59,NA,GB_GCA_002287215.1
Methanocorpusculum parvum,GB_GCA_012513095.1,Archaea,4.59,NA,GB_GCA_002287215.1
Methanocorpusculum parvum,GB_GCA_028681315.1,Archaea,4.59,NA,GB_GCA_002287215.1
Methanocorpusculum parvum,GB_GCA_002287215.1,Archaea,4.59,NA,GB_GCA_002287215.1
Methanoculleus bourgensis,GB_GCA_028693735.1,Archaea,3.79,NA,RS_GCF_000304355.2
Methanoculleus bourgensis,RS_GCF_900036045.1,Archaea,3.79,NA,RS_GCF_000304355.2
Methanoculleus bourgensis,GB_GCA_012799355.1,Archaea,3.79,NA,RS_GCF_000304355.2
Methanoculleus bourgensis,RS_GCF_018495055.1,Archaea,3.79,NA,RS_GCF_000304355.2
Methanoculleus bourgensis,RS_GCF_000304355.2,Archaea,3.79,NA,RS_GCF_000304355.2
Methanoculleus chikugoensis,RS_GCF_001315965.1,Archaea,34.15,NA,RS_GCF_019669965.1
Methanoculleus chikugoensis,RS_GCF_019669965.1,Archaea,34.15,NA,RS_GCF_019669965.1
Methanoculleus horonobensis,GB_GCA_023460415.1,Archaea,6.93,NA,RS_GCF_001602375.1
Methanoculleus horonobensis,GB_GCA_028690625.1,Archaea,6.93,NA,RS_GCF_001602375.1
Methanoculleus horonobensis,RS_GCF_001602375.1,Archaea,6.93,NA,RS_GCF_001602375.1
Methanoculleus marisnigri_B,GB_GCA_002496255.1,Archaea,3.24,NA,RS_GCF_002503885.1
Methanoculleus marisnigri_B,RS_GCF_011620795.1,Archaea,3.24,NA,RS_GCF_002503885.1
Methanoculleus marisnigri_B,GB_GCA_001509255.1,Archaea,3.24,NA,RS_GCF_002503885.1
Methanoculleus marisnigri_B,GB_GCA_002503525.1,Archaea,3.24,NA,RS_GCF_002503885.1
Methanoculleus marisnigri_B,RS_GCF_002503885.1,Archaea,3.24,NA,RS_GCF_002503885.1
Methanoculleus thermophilus,GB_GCA_937864015.1,Archaea,1.18,NA,RS_GCF_001571405.1
Methanoculleus thermophilus,RS_GCF_900101055.1,Archaea,1.18,NA,RS_GCF_001571405.1
Methanoculleus thermophilus,GB_GCA_029782015.1,Archaea,1.18,NA,RS_GCF_001571405.1
Methanoculleus thermophilus,RS_GCF_001512385.1,Archaea,1.18,NA,RS_GCF_001571405.1
Methanoculleus thermophilus,RS_GCF_001571405.1,Archaea,1.18,NA,RS_GCF_001571405.1
Methanofollis ethanolicus,RS_GCF_001571385.1,Archaea,72,NA,RS_GCF_001571385.1
Methanofollis liminatans,GB_GCA_028691265.1,Archaea,8.5,NA,RS_GCF_000275865.1
Methanofollis liminatans,RS_GCF_000275865.1,Archaea,8.5,NA,RS_GCF_000275865.1
Methanogenium cariaci,RS_GCF_001315945.1,Archaea,5.97,NA,RS_GCF_001315945.1
Methanohalophilus portucalensis,RS_GCF_001888095.1,Archaea,3.16,NA,RS_GCF_002761295.1
Methanohalophilus portucalensis,RS_GCF_002761295.1,Archaea,3.16,NA,RS_GCF_002761295.1
Methanohalophilus portucalensis,RS_GCF_003722115.1,Archaea,3.16,NA,RS_GCF_002761295.1
Methanohalophilus portucalensis,RS_GCF_900177455.1,Archaea,3.16,NA,RS_GCF_002761295.1
Methanolacinia paynteri,RS_GCF_000784355.1,Archaea,4.8,NA,RS_GCF_000784355.1
Methanolacinia petrolearia,RS_GCF_000147875.1,Archaea,10,NA,RS_GCF_000147875.1
Methanolobus profundi,RS_GCF_900114835.1,Archaea,5,NA,RS_GCF_900114835.1
Methanolobus psychrophilus,GB_GCA_000306725.1,Archaea,11.07,NA,GB_GCA_000306725.1
Methanolobus vulcani,GB_GCA_030153985.1,Archaea,5.33,NA,RS_GCF_900100715.1
Methanolobus vulcani,RS_GCF_900100715.1,Archaea,5.33,NA,RS_GCF_900100715.1
Methanomethylovorans hollandica,GB_GCA_002503365.1,Archaea,11.5,NA,RS_GCF_000328665.1
Methanomethylovorans hollandica,GB_GCA_002508385.1,Archaea,11.5,NA,RS_GCF_000328665.1
Methanomethylovorans hollandica,RS_GCF_000328665.1,Archaea,11.5,NA,RS_GCF_000328665.1
Methanoplanus limicola,RS_GCF_000243255.1,Archaea,7,NA,RS_GCF_000243255.1
Methanopyrus kandleri,RS_GCF_000007185.1,Archaea,0.33,NA,RS_GCF_000007185.1
Methanopyrus kandleri,RS_GCF_013329715.1,Archaea,0.33,NA,RS_GCF_000007185.1
Methanoregula boonei,RS_GCF_000017625.1,Archaea,44,NA,RS_GCF_000017625.1
Methanoregula formicica,RS_GCF_000327485.1,Archaea,16.6,NA,RS_GCF_000327485.1
Methanosalsum zhilinae,RS_GCF_000217995.1,Archaea,5.8,NA,RS_GCF_000217995.1
Methanosarcina acetivorans,RS_GCF_000007345.1,Archaea,5.2,NA,RS_GCF_000007345.1
Methanosarcina acetivorans,RS_GCF_013329655.1,Archaea,5.2,NA,RS_GCF_000007345.1
Methanosarcina barkeri,RS_GCF_001027005.1,Archaea,5.95,NA,RS_GCF_000970025.1
Methanosarcina barkeri,RS_GCF_000970065.1,Archaea,5.95,NA,RS_GCF_000970025.1
Methanosarcina barkeri,RS_GCF_001729375.1,Archaea,5.95,NA,RS_GCF_000970025.1
Methanosarcina barkeri,RS_GCF_001316305.1,Archaea,5.95,NA,RS_GCF_000970025.1
Methanosarcina barkeri,RS_GCF_000970025.1,Archaea,5.95,NA,RS_GCF_000970025.1
Methanosarcina flavescens,GB_GCA_012519275.1,Archaea,9.7,NA,RS_GCF_001304615.2
Methanosarcina flavescens,RS_GCF_001304615.2,Archaea,9.7,NA,RS_GCF_001304615.2
Methanosarcina horonobensis,RS_GCF_000970285.1,Archaea,4.95,NA,RS_GCF_000970285.1
Methanosarcina horonobensis,RS_GCF_001316205.1,Archaea,4.95,NA,RS_GCF_000970285.1
Methanosarcina lacustris,RS_GCF_000970265.1,Archaea,49.45,NA,RS_GCF_000970265.1
Methanosarcina mazei,RS_GCF_000979115.1,Archaea,5.33,NA,RS_GCF_000970205.1
Methanosarcina mazei,RS_GCF_019669945.1,Archaea,5.33,NA,RS_GCF_000970205.1
Methanosarcina mazei,RS_GCF_000979655.1,Archaea,5.33,NA,RS_GCF_000970205.1
Methanosarcina mazei,RS_GCF_000341715.1,Archaea,5.33,NA,RS_GCF_000970205.1
Methanosarcina mazei,RS_GCF_000979995.1,Archaea,5.33,NA,RS_GCF_000970205.1
Methanosarcina mazei,RS_GCF_000970205.1,Archaea,5.33,NA,RS_GCF_000970205.1
Methanosarcina siciliae,RS_GCF_000970085.1,Archaea,5.02,NA,RS_GCF_000970085.1
Methanosarcina siciliae,RS_GCF_000970125.1,Archaea,5.02,NA,RS_GCF_000970085.1
Methanosarcina siciliae,RS_GCF_000970145.1,Archaea,5.02,NA,RS_GCF_000970085.1
Methanosarcina spelaei,RS_GCF_002287235.1,Archaea,122,NA,RS_GCF_002287235.1
Methanosarcina thermophila,GB_GCA_002496495.1,Archaea,5,NA,RS_GCF_000969885.1
Methanosarcina thermophila,RS_GCF_900116525.1,Archaea,5,NA,RS_GCF_000969885.1
Methanosarcina thermophila,RS_GCF_000969885.1,Archaea,5,NA,RS_GCF_000969885.1
Methanosarcina thermophila,GB_GCA_001512365.1,Archaea,5,NA,RS_GCF_000969885.1
Methanosarcina thermophila,GB_GCA_012719515.1,Archaea,5,NA,RS_GCF_000969885.1
Methanosarcina vacuolata,GB_GCA_023459075.1,Archaea,5,NA,RS_GCF_000969905.1
Methanosarcina vacuolata,RS_GCF_000969905.1,Archaea,5,NA,RS_GCF_000969905.1
Methanosarcina vacuolata,RS_GCF_000969945.1,Archaea,5,NA,RS_GCF_000969905.1
Methanosarcina vacuolata,RS_GCF_020804205.1,Archaea,5,NA,RS_GCF_000969905.1
Methanosphaera cuniculi,RS_GCF_902494985.1,Archaea,60.5,NA,RS_GCF_003149675.1
Methanosphaera cuniculi,RS_GCF_003149675.1,Archaea,60.5,NA,RS_GCF_003149675.1
Methanosphaera cuniculi,RS_GCF_959604805.1,Archaea,60.5,NA,RS_GCF_003149675.1
Methanosphaera cuniculi,RS_GCF_947597825.1,Archaea,60.5,NA,RS_GCF_003149675.1
Methanosphaera cuniculi,RS_GCF_002287195.1,Archaea,60.5,NA,RS_GCF_003149675.1
Methanosphaera stadtmanae,RS_GCF_938005785.1,Archaea,5.1,NA,RS_GCF_000012545.1
Methanosphaera stadtmanae,RS_GCF_934755265.1,Archaea,5.1,NA,RS_GCF_000012545.1
Methanosphaera stadtmanae,GB_GCA_023445835.1,Archaea,5.1,NA,RS_GCF_000012545.1
Methanosphaera stadtmanae,RS_GCF_003266085.1,Archaea,5.1,NA,RS_GCF_000012545.1
Methanosphaera stadtmanae,GB_GCA_023440905.1,Archaea,5.1,NA,RS_GCF_000012545.1
Methanosphaera stadtmanae,RS_GCF_000012545.1,Archaea,5.1,NA,RS_GCF_000012545.1
Methanosphaerula palustris,RS_GCF_000021965.1,Archaea,19,NA,RS_GCF_000021965.1
Methanospirillum hungatei_A,GB_GCA_003251955.1,Archaea,20.7,NA,GB_GCA_003251955.1
Methanospirillum lacunae,RS_GCF_003173355.1,Archaea,32.2,NA,RS_GCF_003173355.1
Methanospirillum stamsii,RS_GCF_003173335.1,Archaea,1.94,29.9,RS_GCF_003173335.1
Methanothermobacter thermautotrophicus,GB_GCA_013330715.1,Archaea,1,NA,RS_GCF_000008645.1
Methanothermobacter thermautotrophicus,RS_GCF_027555045.1,Archaea,1,NA,RS_GCF_000008645.1
Methanothermobacter thermautotrophicus,RS_GCF_002356395.1,Archaea,1,NA,RS_GCF_000008645.1
Methanothermobacter thermautotrophicus,GB_GCA_013330375.1,Archaea,1,NA,RS_GCF_000008645.1
Methanothermobacter thermautotrophicus,GB_GCA_030018185.1,Archaea,1,NA,RS_GCF_000008645.1
Methanothermobacter thermautotrophicus,RS_GCF_000008645.1,Archaea,1,NA,RS_GCF_000008645.1
Methanothermobacter_A tenebrarum,GB_GCA_029778765.1,Archaea,12,NA,RS_GCF_023167465.1
Methanothermobacter_A tenebrarum,GB_GCA_028694635.1,Archaea,12,NA,RS_GCF_023167465.1
Methanothermobacter_A tenebrarum,RS_GCF_023167465.1,Archaea,12,NA,RS_GCF_023167465.1
Methanothermobacter_A tenebrarum,GB_GCA_030019295.1,Archaea,12,NA,RS_GCF_023167465.1
Methanothermobacter_A tenebrarum,GB_GCA_012840175.1,Archaea,12,NA,RS_GCF_023167465.1
Methanothermococcus thermolithotrophicus,GB_GCA_030156475.1,Archaea,0.917,NA,RS_GCF_946463545.1
Methanothermococcus thermolithotrophicus,RS_GCF_946463545.1,Archaea,0.917,NA,RS_GCF_946463545.1
Methanothermococcus thermolithotrophicus,GB_GCA_002494795.1,Archaea,0.917,NA,RS_GCF_946463545.1
Methanothermococcus thermolithotrophicus,RS_GCF_000376965.1,Archaea,0.917,NA,RS_GCF_946463545.1
Methanothermococcus thermolithotrophicus,RS_GCF_030153405.1,Archaea,0.917,NA,RS_GCF_946463545.1
Methanothermococcus_A aeolicus,RS_GCF_000017185.1,Archaea,1.15,NA,RS_GCF_000017185.1
Methanothermococcus_A aeolicus,RS_GCF_025449255.1,Archaea,1.15,NA,RS_GCF_000017185.1
Methanothermococcus_A okinawensis,RS_GCF_000179575.2,Archaea,0.5,NA,RS_GCF_000179575.2
Methanothermus fervidus,RS_GCF_000166095.1,Archaea,2.82,NA,RS_GCF_000166095.1
Methanothrix soehngenii,GB_GCA_028718625.1,Archaea,65,NA,RS_GCF_000204415.1
Methanothrix soehngenii,RS_GCF_000204415.1,Archaea,65,NA,RS_GCF_000204415.1
Methanothrix soehngenii,GB_GCA_028695655.1,Archaea,65,NA,RS_GCF_000204415.1
Methanothrix soehngenii,GB_GCA_002503445.1,Archaea,65,NA,RS_GCF_000204415.1
Methanothrix soehngenii,GB_GCA_022840505.1,Archaea,65,NA,RS_GCF_000204415.1
Methanothrix_B thermoacetophila,GB_GCA_014361255.1,Archaea,36,NA,RS_GCF_000014945.1
Methanothrix_B thermoacetophila,RS_GCF_000014945.1,Archaea,36,NA,RS_GCF_000014945.1
Methanothrix_B thermoacetophila,RS_GCF_013177915.1,Archaea,36,NA,RS_GCF_000014945.1
Methanotorris formicicus,RS_GCF_000243455.1,Archaea,0.43,NA,RS_GCF_000243455.1
Methanotorris igneus,RS_GCF_000214415.1,Archaea,0.35,NA,RS_GCF_000214415.1
Methermicoccus shengliensis,RS_GCF_000711905.1,Archaea,5,NA,RS_GCF_000711905.1
Methermicoccus shengliensis,GB_GCA_002494745.1,Archaea,5,NA,RS_GCF_000711905.1
Methermicoccus shengliensis,GB_GCA_030446425.1,Archaea,5,NA,RS_GCF_000711905.1
Methermicoccus shengliensis,GB_GCA_001508185.1,Archaea,5,NA,RS_GCF_000711905.1
Methermicoccus shengliensis,GB_GCA_013330515.1,Archaea,5,NA,RS_GCF_000711905.1
Nanoarchaeum equitans,GB_GCA_000008085.1,Archaea,0.75,90,GB_GCA_000008085.1
Natrialba asiatica,RS_GCF_000337555.1,Archaea,2.59,45,RS_GCF_000337555.1
Natrinema pellirubrum,RS_GCF_000230735.2,Archaea,1.87,51,RS_GCF_000230735.2
Natrinema pellirubrum,RS_GCF_000337635.1,Archaea,1.87,51,RS_GCF_000230735.2
Natronobacterium gregoryi,RS_GCF_000230715.2,Archaea,2,47,RS_GCF_000230715.2
Natronobacterium gregoryi,RS_GCF_000337655.1,Archaea,2,47,RS_GCF_000230715.2
Natronobacterium gregoryi,RS_GCF_002855455.1,Archaea,2,47,RS_GCF_000230715.2
Natronobacterium gregoryi,RS_GCF_900114025.1,Archaea,2,47,RS_GCF_000230715.2
Natronococcus occultus,RS_GCF_000328685.1,Archaea,2.77,45,RS_GCF_000328685.1
Natronomonas pharaonis,RS_GCF_000026045.1,Archaea,2.16,40,RS_GCF_000026045.1
Palaeococcus ferrophilus,RS_GCF_000966265.1,Archaea,0.53,83,RS_GCF_000966265.1
Picrophilus oshimae,RS_GCF_000008265.1,Archaea,6,60,RS_GCF_900176435.1
Picrophilus oshimae,RS_GCF_900176435.1,Archaea,6,60,RS_GCF_900176435.1
Pyrobaculum aerophilum,RS_GCF_026414425.1,Archaea,2.97,98,RS_GCF_000007225.1
Pyrobaculum aerophilum,RS_GCF_003400145.1,Archaea,2.97,98,RS_GCF_000007225.1
Pyrobaculum aerophilum,RS_GCF_013329805.1,Archaea,2.97,98,RS_GCF_000007225.1
Pyrobaculum aerophilum,RS_GCF_003400025.1,Archaea,2.97,98,RS_GCF_000007225.1
Pyrobaculum aerophilum,RS_GCF_009888185.1,Archaea,2.97,98,RS_GCF_000007225.1
Pyrobaculum aerophilum,RS_GCF_000007225.1,Archaea,2.97,98,RS_GCF_000007225.1
Pyrobaculum arsenaticum,GB_GCA_026627015.1,Archaea,1.35,95,RS_GCF_000016385.1
Pyrobaculum arsenaticum,RS_GCF_000016385.1,Archaea,1.35,95,RS_GCF_000016385.1
Pyrobaculum arsenaticum,RS_GCF_013414235.1,Archaea,1.35,95,RS_GCF_000016385.1
Pyrobaculum calidifontis,RS_GCF_000015805.1,Archaea,5.82,90,RS_GCF_000015805.1
Pyrobaculum islandicum,RS_GCF_000015205.1,Archaea,4.67,98.9,RS_GCF_000015205.1
Pyrobaculum oguniense,GB_GCA_000247545.1,Archaea,2.73,90.7,GB_GCA_000247545.1
Pyrococcus abyssi,RS_GCF_000195935.2,Archaea,0.55,95.9,RS_GCF_000195935.2
Pyrococcus chitonophagus,RS_GCF_002214605.1,Archaea,1.42,85,RS_GCF_002214605.1
Pyrococcus chitonophagus,RS_GCF_900012635.1,Archaea,1.42,85,RS_GCF_002214605.1
Pyrococcus furiosus,RS_GCF_000007305.1,Archaea,0.62,100,RS_GCF_000007305.1
Pyrococcus furiosus,RS_GCF_000275605.1,Archaea,0.62,100,RS_GCF_000007305.1
Pyrococcus furiosus,RS_GCF_008245085.1,Archaea,0.62,100,RS_GCF_000007305.1
Pyrococcus furiosus,RS_GCF_030153625.1,Archaea,0.62,100,RS_GCF_000007305.1
Pyrococcus horikoshii,RS_GCF_000011105.1,Archaea,0.53,98,RS_GCF_000011105.1
Pyrococcus horikoshii,RS_GCF_013329775.1,Archaea,0.53,98,RS_GCF_000011105.1
Pyrococcus yayanosii,RS_GCF_000215995.1,Archaea,0.83,98,RS_GCF_000215995.1
Pyrolobus fumarii,RS_GCF_000223395.1,Archaea,0.95,105.6,RS_GCF_000223395.1
Staphylothermus hellenicus,RS_GCF_000092465.1,Archaea,2.9,85,RS_GCF_000092465.1
Staphylothermus marinus,RS_GCF_000015945.1,Archaea,4.47,85,RS_GCF_000015945.1
Sulfolobus acidocaldarius_A,GB_GCA_000508305.1,Archaea,4.95,70,GB_GCA_000508305.1
Sulfurisphaera tokodaii,RS_GCF_000011205.1,Archaea,7.4,80,RS_GCF_000011205.1
Sulfurisphaera tokodaii,RS_GCF_013329795.1,Archaea,7.4,80,RS_GCF_000011205.1
Thermocladium modestius,GB_GCA_001315925.1,Archaea,14.93,75,GB_GCA_001315925.1
Thermocladium modestius,RS_GCF_014646535.1,Archaea,14.93,75,GB_GCA_001315925.1
Thermococcus barossii,RS_GCF_002214465.1,Archaea,0.67,82.9,RS_GCF_002214465.1
Thermococcus barossii,RS_GCF_012027515.1,Archaea,0.67,82.9,RS_GCF_002214465.1
Thermococcus celer,GB_GCA_001315845.1,Archaea,0.75,82.9,RS_GCF_002214365.1
Thermococcus celer,RS_GCF_002214365.1,Archaea,0.75,82.9,RS_GCF_002214365.1
Thermococcus celericrescens,RS_GCF_001484195.1,Archaea,0.23,79.8,RS_GCF_001484195.1
Thermococcus celericrescens,RS_GCF_008152015.1,Archaea,0.23,79.8,RS_GCF_001484195.1
Thermococcus gammatolerans,RS_GCF_000022365.1,Archaea,1.77,89.4,RS_GCF_000022365.1
Thermococcus nautili,RS_GCF_000585495.1,Archaea,0.95,87.8,RS_GCF_000585495.1
Thermococcus nautili,RS_GCF_012027685.1,Archaea,0.95,87.8,RS_GCF_000585495.1
Thermococcus nautili,RS_GCF_946300405.1,Archaea,0.95,87.8,RS_GCF_000585495.1
Thermococcus peptonophilus,GB_GCA_001315905.1,Archaea,0.38,85.2,RS_GCF_001592435.1
Thermococcus peptonophilus,RS_GCF_001592435.1,Archaea,0.38,85.2,RS_GCF_001592435.1
Thermococcus profundus,RS_GCF_002214585.1,Archaea,0.63,80.3,RS_GCF_002214585.1
Thermococcus siculi,RS_GCF_002214505.1,Archaea,2.18,84.8,RS_GCF_002214505.1
Thermococcus thioreducens,RS_GCF_001418715.1,Archaea,0.5,84,RS_GCF_002214545.1
Thermococcus thioreducens,RS_GCF_002214545.1,Archaea,0.5,84,RS_GCF_002214545.1
Thermococcus thioreducens,RS_GCF_900109425.1,Archaea,0.5,84,RS_GCF_002214545.1
Thermococcus_A sibiricus,RS_GCF_000022545.1,Archaea,0.72,78,RS_GCF_000022545.1
Thermococcus_A sibiricus,GB_GCA_013330395.1,Archaea,0.72,78,RS_GCF_000022545.1
Thermococcus_A sibiricus,RS_GCF_014361105.1,Archaea,0.72,78,RS_GCF_000022545.1
Thermococcus_A sibiricus,RS_GCF_001508065.1,Archaea,0.72,78,RS_GCF_000022545.1
Thermococcus_A sibiricus,GB_GCA_001508175.1,Archaea,0.72,78,RS_GCF_000022545.1
Thermococcus_B barophilus,RS_GCF_000151105.2,Archaea,0.44,84.9,RS_GCF_000151105.2
Thermococcus_B barophilus,RS_GCF_001433455.1,Archaea,0.44,84.9,RS_GCF_000151105.2
Thermoplasma acidophilum,GB_GCA_026627405.1,Archaea,2.77,59,RS_GCF_000195915.1
Thermoplasma acidophilum,RS_GCF_000195915.1,Archaea,2.77,59,RS_GCF_000195915.1
Thermoplasma volcanium,RS_GCF_000011185.1,Archaea,3.6,60,RS_GCF_000011185.1
Thermoproteus uzoniensis,RS_GCF_000193375.1,Archaea,1.95,86.3,RS_GCF_000193375.1
Thermosphaera aggregans,RS_GCF_000092185.1,Archaea,1.81,85,RS_GCF_000092185.1
Acidianus_B brierleyi,RS_GCF_003201835.2,Archaea,6.83,68.3,RS_GCF_003201835.2
